location,calcium,magnesium,sodium,potassium,boron,carbonate,bicarbonate,sulfate,chloride,nitrates,pH,conductivity,hardness_1,hardness_2,alkalinity,total_dissolved_salts,sar
Farm_C,249.29222914887495,696.029796674973,91.28667678613355,690.0048908206658,411.8409141472685,559.6403313082179,567.9452305526295,287.0381331749128,159.54468011318835,404.140321651033,6.18801562027696,223.22182951763986,66.30114781512302,263.0659685977954,311.98943596735126,228.56525857075474,4.638607725293822
Farm_A,410.38292303562974,570.061170089365,319.3136375904149,200.9336886590565,348.8682665429953,155.24024593071252,915.4882975880419,616.9269183757422,871.7835665922017,327.0331615632387,5.273353110230255,1201.9691961134495,165.98284420308318,216.95117080660162,217.0275905469324,778.0851300312722,5.778439105708845
Farm_C,755.5511385430486,97.17649377076853,950.0619670508049,535.8276844730813,929.5291442478258,181.92813049527112,33.94597858579884,981.1861780274235,219.2139873580443,667.5933855635847,8.204357897129613,1166.8207171230952,277.3050514653901,198.30539252684608,320.48337506010483,792.0305038968769,6.356185074151134
Farm_C,228.79816549162246,615.0072266991698,950.6071469375561,96.67644964671962,830.6194077877292,861.7856210135174,697.4202672468399,631.8135270166683,975.8652558191313,807.8459419412586,4.192131744811625,1165.2541793907249,184.67544948817854,273.07562453491306,367.51363818972106,692.6864641030494,1.0893143901505207
Farm_A,76.979909828793,990.0538501042632,573.4378881232861,450.3709362581851,965.0269106665125,946.1154621336327,297.3490073725508,259.8035810641598,336.8957917711069,762.2851347766158,8.508809960677118,1246.6265665332642,174.45312700857255,96.33254488217861,359.7822583214616,789.5043395160276,5.176856435081535
Farm_A,289.75145291376805,140.08401523652404,631.8372121697993,756.1633288952461,124.29722348554473,373.3093162797529,924.3961953765304,634.0057030996113,182.11791568869927,797.8136488586345,6.30738732312367,1385.2890807300882,76.36842498915765,69.74229054770716,218.5487991590546,861.329295709959,9.671493167988295
Farm_C,161.2212872540044,518.3296523637367,448.4455219783198,347.5715242389821,730.8674752036443,270.74467314355377,971.0582451653678,539.9853797158555,789.6985071424791,435.583314812933,7.186007384041402,1629.4790993934625,214.1950261810735,109.87754247738452,125.08709076443877,652.2437028137126,5.671290521165939
Farm_B,929.6976523425731,877.3730719279555,293.21077169806455,664.9117244872181,938.3404568210378,643.9995432390158,944.2664891134339,779.8453951511436,658.7077755008761,817.8342161750217,7.296769611028914,612.6593682436072,255.52579015005637,248.64456967504756,243.7382023079934,179.74424257271116,7.097880407130579
Farm_C,808.1203795644169,740.7686177542045,328.66454536991597,795.4499607897292,181.23306616566015,408.7341710980964,474.2142166574638,106.98063882695841,498.19571645313897,120.20905537060844,8.475588703532683,1667.5938793421178,145.10500187689058,58.667566681620826,114.16736483685894,538.8650287004898,3.8067747212519487
Farm_C,633.4037565104235,697.015740995268,672.5184560770384,927.1778194794526,66.49626736677749,25.38635566034486,862.0426509893134,761.027902502028,555.3635509376312,544.4890979608496,7.183348410836037,1046.6857963005618,243.90296273133185,195.70170877087241,450.54366583271377,169.88440120444454,7.965922403374863
Farm_C,871.4605901877177,702.4840839871092,752.37452943768,234.64208185545354,741.1206492900591,156.15259736619035,844.5493985350704,541.2665786761103,719.2017782722638,5.7586604981215705,7.069667923800309,246.41073035522922,291.11916347520287,298.8593790478275,205.64485733203583,466.78872792918776,7.956293336885036
Farm_C,803.6720768991145,359.4911512197552,791.5790437258486,399.31591580930814,574.4731131799119,715.9722288473976,319.10047324325564,962.9920038589946,228.45474133129872,324.5858299002703,4.33326020280345,211.24676556356047,100.94161478192228,263.92402345938484,119.5068862504957,466.39584021306484,5.69166442888725
Farm_A,186.57005888603584,293.5918442644934,789.6181427945539,152.41601333041743,841.828776758272,658.9239419101514,828.9154741506774,341.8721660386861,996.3339160567419,366.4615348713979,6.59204010972602,735.0528055225155,180.83240779868532,180.36142226089737,61.45149195758789,159.40885972621743,9.784124409512922
Farm_C,892.5589984899777,809.3611554785136,91.20610304869037,992.4835021583752,139.77237662628949,27.09599250348349,37.00763471549262,632.6218931339481,974.7931621467832,396.17269160925537,4.750845004085209,1591.3042565117883,121.78448952114388,65.91022732166059,340.6200738289179,413.9384805725314,2.1299519328638805
Farm_B,539.3422419156507,810.1133946791807,494.42030470258146,927.0009679242953,795.2673118598902,221.97216193294943,596.2698784820531,932.0281055100174,650.3256863469369,695.4672066898622,7.687168843607428,1444.59377600774,248.21360475845984,257.84337859642744,336.60604285463444,199.89828891218335,1.152528984006229
Farm_A,807.4401551640625,867.0723185801037,57.558760016644285,539.9571302805596,201.62732004774452,231.0747965880714,230.00883728770305,102.50972799067925,199.54245092914513,388.55810127034573,6.561109604063372,1598.3684328775723,194.39834147028938,199.74462704430263,203.27187496158126,827.4116890083,7.931423905813864
Farm_B,896.0912999234932,913.2405525564712,549.5288823237355,842.0332943764213,163.6559428657045,671.8927435987284,120.56688577727881,937.2284872364511,680.2282424312913,448.69362262253065,7.401138896041767,1082.8112072390577,208.64560438757593,78.73324926489171,82.27034998144296,952.9192233680237,8.264399836283943
Farm_B,318.00347497186385,511.3423988609378,441.53050137337704,520.9579772720422,164.26579793099293,19.710537754364154,76.95320162920916,687.8857223008133,72.19840897917584,237.54413087432746,4.208364503011921,936.3780961154321,249.4785399039735,73.46432120583904,234.3330027028544,165.08482773214473,2.0818650620851864
Farm_B,110.05192452767676,501.5162946871996,887.7041827582998,623.5856880027598,814.5747202313821,104.10858198457385,696.2887758781397,67.8370591051719,30.652502205806066,373.25179162934006,4.423960080229016,380.1598007419395,148.99261816561372,277.40670485914814,190.0478727785271,959.6036865625313,3.390245496627455
Farm_B,227.93516254194168,798.2951789667752,350.9150125520787,89.12443211601662,665.1972206962001,799.9160853731894,339.87496376806615,300.96356694681623,257.68288851121366,227.26962726315148,7.5816169403134115,723.566231857692,278.7725171017608,217.30006573451962,354.70428788075424,570.3189394030707,1.1579712702996603
Farm_A,427.1077886262563,649.9639307777652,117.06701642760586,755.2704204968079,523.0654247691193,178.54466205433363,724.7667715287614,708.1720886452816,462.6229567393163,73.19592376844363,4.360421679993367,924.636795730363,183.257216811535,257.3216998291889,322.60066225371065,369.6091101584865,3.639777497025082
Farm_A,818.0147659224931,701.9668772577033,142.99168205283587,127.71348363523482,358.8304841235025,652.7461078518747,65.35634079894237,67.3506014687717,868.2725054083805,603.4485933813779,4.356283638826293,268.3408163912727,89.488705708837,269.7447250705668,214.067177688893,169.17586774854715,7.958276865268044
Farm_B,860.7305832563435,795.792669436101,761.5106317174723,826.0676302525284,877.2005408131083,238.18278104672652,315.2903378306103,582.1704601762733,727.169069766308,668.2127985550162,4.060542376174437,519.1627101513013,223.97477954220062,192.94308801208055,148.05164941474555,550.561841263376,5.6616447494132105
Farm_B,6.952130531190703,890.0053418175663,618.218063316261,782.0280876703858,392.4451074226354,99.44139275934516,539.4912923753373,345.88305695295674,742.706521199981,619.4903460096145,8.7825069914974,1236.6280587211038,248.3153376095636,179.36158793876032,494.61618477001633,815.0639900416738,4.132860338514593
Farm_A,510.74730257756573,337.9951568515358,101.12267612279024,708.7446977429764,816.599439471577,243.17219099945407,790.7231648389635,620.9155177674771,425.49333444807536,463.49404380057234,7.687541797295035,1497.7599170544606,129.19041926688166,157.60685258024756,254.3007295382517,736.3778295400283,4.345653654156973
Farm_A,417.411003148779,375.58295263994404,84.10680611499744,36.16038052476212,439.13490857021844,722.2669318556592,318.7525029320699,45.74203381251285,345.9349925469629,379.7857801792298,5.766257042510321,1996.8602716466044,264.2948142496882,129.23664694777983,359.72340610110666,145.20341031757638,1.0121826314392135
Farm_A,222.10781047073024,93.981939840869,700.96913145912,303.1283559453286,376.9444294249076,855.6964681062857,625.8913764370091,871.5368061523762,371.0387629846027,863.3336495718253,5.482677906438276,1872.9153295527597,276.5358136914416,158.64899021467795,113.24883541026236,165.61165183111316,3.698204748087123
Farm_C,119.8653673336828,578.2801409961739,72.76300636419353,263.11256991084286,462.6797856696064,830.2198645669916,885.9777482361872,973.4889691773969,987.6495637360579,519.0817851362181,5.748516148729248,1320.873879116864,119.22612184445224,243.4699139325391,268.51536484672897,462.5859543693734,6.8181286747413745
Farm_C,337.615171403628,35.942273796742086,821.8600592903562,360.1364074715191,301.3778741641421,397.1835296184548,615.8631881823046,968.8778552856915,40.10919141248248,479.181877629731,7.873267655905909,900.3713012587368,295.8803681788055,200.48085775378289,62.39152394125947,365.76144464314893,9.767749994347215
Farm_C,942.9097039125191,465.59801813246014,706.2422271564963,87.64274676383855,747.6093801762511,668.0851365706461,232.95947475363377,749.6518317429247,867.0314961224485,25.64206580643569,7.306853055352072,1308.7369929456422,85.1778820121896,273.1308224887115,277.4548030597025,309.1458907504431,8.623547442855095
Farm_B,323.2029320207552,542.6446347075766,81.34878064189976,936.9578230310627,502.72039009247914,204.98429541582098,24.40078155653802,130.08624013063198,578.6754085723934,341.2478276261564,4.92597783933734,1592.7380743524407,100.50391710062249,160.84500359479694,483.80783320296604,352.9040490178422,1.2123546818097621
Farm_C,518.790621743366,286.5412521282844,84.83771408519192,553.8022407123763,232.2126951468173,293.14773026101324,870.0988739009299,758.2631959290226,438.61541918959045,380.19561878585705,4.870546676670422,324.83876275443595,96.05620980950653,201.77239467968852,222.8930208436101,823.1344689671962,9.087045442073554
Farm_B,703.0189588951779,590.8332605690108,986.6395785011755,305.5243106580235,899.5745732745685,896.3358185211198,21.26941085038714,24.58691645880151,725.2576604151365,398.8227808969005,4.491978248566987,878.8192904229477,273.4974275019676,207.82688827299717,67.54820565871022,936.3052482686685,8.048785719687633
Farm_B,363.629602379294,30.50024993904943,374.2707957561203,396.98151707428343,383.8912213732114,13.001923510736034,874.7016726841994,22.123551528997254,486.66894142470284,580.1723692273323,7.301513598506691,1695.6243427076727,213.57313808124047,197.92429057658137,63.93010591370459,464.5924250748098,8.023385112138824
Farm_C,971.7820827209607,37.348188749214415,370.6421470668909,447.20254050483567,543.5528611139886,85.50853085446808,528.937134027212,323.61021914954125,873.4232380816605,533.6025467268785,7.82186331110868,829.2826086727836,88.02607080556822,225.65844327137907,224.59404197609126,915.4999019192473,5.121961831032143
Farm_B,962.4472949421113,822.6005606596583,812.7995672575025,600.5943333606173,906.4721109645469,207.8862551460273,939.0676985128962,488.64319040466575,900.7018640112585,607.9050927934446,5.32523214162502,1186.5573153316543,160.08085459208723,109.35836709370156,122.01122140843732,389.34613112309376,4.582047636590525
Farm_C,251.78229582536414,360.1906414112629,947.2485773838587,515.6794276964978,624.2379959139921,26.532203873819714,798.7832357736654,770.4074178077932,421.7209268734554,764.8832615421283,4.104724805154564,1216.7617856381767,203.82450626745052,178.09094438644766,60.50844334768366,528.7932877094124,3.7262415594987335
Farm_C,497.2485058923854,127.06051265188478,986.001063822871,919.3919732144174,116.89804070836406,181.43543508979732,997.9341105333375,683.2953766065052,276.82779723505155,812.9857387160935,4.410858337382137,450.5048809539148,70.86602124734583,76.05620070208693,390.29612627757956,303.42609803439973,1.591253730589292
Farm_A,300.8783098167697,522.2432600548044,753.3781852589416,496.96348290583023,939.8321236134751,583.0415609696922,350.71181545171015,445.9027063767483,592.3503285933622,718.1230762264944,8.839300174225151,788.2473391393479,270.6040921018347,146.12783191120315,256.3353539968508,676.4284379582596,3.0541182714432917
Farm_C,284.8404943774676,769.9935530986108,376.2595855309158,992.1580148233127,627.7080530714179,421.42455059249795,767.1882889311269,273.62666628166585,912.3633456166909,955.5236959549347,5.477223887387101,735.571448609671,250.9008838603838,171.9167671553161,180.16014738769454,981.083003657328,3.2194327148022217
Farm_A,36.88694735453279,215.8210274968432,83.50071669866877,851.4249577450958,334.9056146570861,892.6717110769748,401.93091360924217,997.1245001577112,210.6621890056666,18.23258267636163,7.846115739190668,149.7737462109231,176.30169339415954,213.05606488636812,455.0374323574163,643.1437864390408,5.356693627391814
Farm_C,609.5643339798969,622.8904758190002,777.1469159274368,208.5105143573358,139.27207266338726,817.4435617384408,479.8756203039088,426.18130223597296,622.9665835634828,195.7779856835461,7.123317844271319,145.96435139357496,291.7816538147926,287.6327631465509,102.26253209023653,422.03267570219396,7.726999659370246
Farm_C,502.67902322886147,85.347464993768,558.404249735805,930.5952146439163,794.025189270296,341.81735169787595,627.5054632183701,451.38702432967546,631.5602200925206,7.56287497814212,5.909698198264479,1680.2243829839697,154.44024481877494,200.16276663708896,480.1634730298936,683.0357013914755,5.26428845558152
Farm_A,51.47875124998935,51.681721168607694,424.22200924697626,116.36639788547609,620.0727559285135,259.4234334312925,873.6771141863387,163.62382119166918,733.113022415281,647.474714154603,5.028436310977776,618.8345389483436,296.0275797591245,235.89847904413995,191.28502281980877,210.62861061884882,1.5206000450244455
Farm_A,278.64646423661145,531.354631568148,906.354385094736,817.4497084911916,533.4610919763215,379.6924081672669,984.0834691992951,794.8095487499294,131.5676851272598,898.030548949987,4.606932090797033,1084.3496558537495,216.97999970090677,176.56651487380068,449.78165253890654,899.7931722388588,9.620108208893836
Farm_C,908.2658859666537,540.6351216101065,111.19748230615134,380.6232934765801,893.8925830509577,590.2949425148078,768.2734138645181,693.6822257814887,715.8249646820885,243.48229657629926,7.075064840194333,667.5785898186688,208.66781831348536,208.52600784408284,321.3242944157577,552.7755557018527,9.48451887184701
Farm_B,239.56189066697243,637.4299014982065,492.62510429085916,877.9743204450696,788.5972112245307,268.06364082287627,417.76678216733376,220.76961278876038,909.032520665641,927.0345447963066,7.87316890318894,1887.290565719147,91.48872382394626,67.73305403344335,422.01831188366936,504.4147678356779,8.066705888335676
Farm_A,144.89487209122308,726.0913337226616,11.35364476741907,868.0566901074503,151.67487973275118,624.148907849134,421.3570022770702,82.3810456158427,179.68310887024197,60.26739028956085,7.2195212677056535,592.6638418449702,270.481939576161,113.59789521046174,492.8059234447089,627.2783096081673,9.921951114077984
Farm_B,489.452760277563,975.8520794625346,468.66064199412625,805.9254001176212,311.72206779554824,409.4116521912404,737.5823015888915,680.4993020747131,237.54332492387763,934.4360268055143,6.651510666245791,916.3479442039767,156.87242198015377,140.4632733012847,179.78244701843556,662.3054765104622,5.900340995202367
Farm_B,985.6504541106007,516.3003483011953,56.30327568183735,790.0304363070613,248.48913981446574,552.0471808519802,238.77714576830235,654.5112142811353,971.3950940416396,351.6226872396344,4.209756117158181,1758.1874759207435,90.55835144561985,168.1233387516284,482.51096843341685,164.59822560386172,9.664915152278855
Farm_B,242.05527151150042,322.956472941246,118.81791626807193,304.67913909804076,743.946292572677,436.1265291353167,110.47411313139466,273.2595269982093,180.97695270948978,101.42082844921651,8.84244388797192,1699.6737769044364,53.15187999393976,61.41218637559594,225.26685270608917,714.3554991010622,1.680445365550757
Farm_A,672.1355474058786,795.1861947687037,117.52624677710489,80.91928305125218,33.53243473577938,294.4657595419177,354.62215764077655,950.8635622504104,854.3850933695792,485.8717591863256,7.993570958272873,453.5926939079269,189.93892090959565,85.00602438832942,223.48035713161505,317.73851228397666,4.291126734352342
Farm_B,761.6196153287176,270.83225126207424,649.2103021160635,402.98017876516144,569.8896848713165,948.4533069621567,287.23899165408176,151.05789178090023,492.2778564480348,256.77656772050796,5.464110183504824,1625.0222886118497,181.84990553066908,119.20357694782645,203.17419691452756,742.5573692559308,3.0284314120608924
Farm_A,237.63754399239966,438.9714207056361,746.0448792654233,173.52451498650868,762.4586857406905,763.6057941597609,296.3081204559901,432.3348010426019,247.23107440317705,284.8729019619228,8.899851646794254,970.555084801996,229.83840559228963,292.8831727252626,293.6334233064133,840.281314945777,2.7624977572084304
Farm_B,728.2163486118595,78.45638134226596,583.3687650971597,694.9510889024617,876.7656367617494,140.11317576645254,233.60775104990995,943.6159201675989,870.7499012725114,307.2899649262866,7.009407948181611,1017.6408569621749,272.5645132544505,132.8367517757627,119.36526943031919,823.5626567972682,2.267226540034085
Farm_C,367.7831327192532,25.35074341545751,962.1725484745419,346.09972653778556,342.08174871590745,868.4679758979128,42.093189636361885,419.7273169261223,445.3052550026655,803.0258978326634,6.912113291036232,353.6119475902932,69.85164616075738,170.51026452802063,299.170168411105,597.2508706671002,6.60172277409397
Farm_C,632.3058305935795,962.6484146779251,374.87057952370407,975.6102008599149,821.2573046720129,487.4311982495136,17.87393473341381,638.5259476640855,514.8173539296902,539.1612766752545,7.740365897147661,253.14287613853685,232.8741225850906,99.02442818459824,293.7671655845018,568.152903079676,8.031896701725746
Farm_A,633.5297107608947,835.9801205122059,285.7120862818607,640.972077345332,110.63173695520723,894.5522268940914,987.7223897360316,397.5943979627943,359.2333693997657,311.30769915600365,8.058848940450687,1483.0846832501538,96.85298602439556,202.69501776894205,392.8558156721915,228.58836520547055,6.204685594783246
Farm_C,535.7746840747585,695.974206093698,868.5991281894603,822.4805636343609,846.4522917345182,799.8552559473152,427.77313373586236,274.21520234867,592.9508514349275,610.3337833109184,7.282393036657513,1043.2761894750695,264.544263289291,120.17080387899358,425.1424828719135,797.811535362822,2.322664386293887
Farm_C,90.28977005440831,408.9529444142699,223.59583851945263,132.52467274184843,127.48866233198241,425.21350446923344,384.32664715968167,983.9776479598282,163.52387258502276,716.1506742231936,4.640478731831,930.0163349688412,254.76587846541403,101.7481446096067,248.1986076405908,344.2684424020429,8.300113929401238
Farm_B,835.302495589238,173.29432007084577,963.2225394406113,862.0144822726226,397.2872905603673,22.4693083201174,679.6472826930699,409.33400631504304,391.0815366517607,272.62400073353376,5.6913375299724915,1486.0656344395538,185.1984387463861,179.14315711149476,186.0499622081722,547.0258805361518,6.723592364473556
Farm_A,320.78006497173584,156.43704267108603,12.154474689816341,922.7571905133943,797.2953657795537,268.6773593849461,218.25388786506417,894.0992036791345,969.4123223352875,413.5491015253515,8.640418201630249,1554.4745080831085,227.56069965582788,51.376449790105205,166.7007037926925,355.84668363476504,4.493491355142959
Farm_B,186.51851039985422,250.24289816459532,969.8788267076391,487.0619188189359,149.91742734877377,541.634214660867,949.9611839502253,229.95460589108617,258.13343270112756,121.88609333694755,5.12307805921926,401.92551857177176,128.5875282959371,51.91600816230633,137.58072651719237,220.4455266997238,7.067172659824567
Farm_B,40.77514155476392,549.2266647061205,43.15991195057612,606.2529377509775,229.2513952326415,633.4782198261473,786.3450144155521,213.1047040250833,656.7366645412922,181.1493495346803,5.860835119187566,1259.4277840075185,167.79197473320366,104.76720227546444,75.9414119895612,666.6019272025629,3.3391448131854955
Farm_B,590.8929431882418,714.5959227000624,891.143113698071,764.8098009029954,722.2525683930663,257.8876854332023,89.41100231225951,31.13408288451136,325.1900642246949,681.1178539649828,6.16038441472098,357.1727563276025,255.40922442761791,59.18034062520529,204.101590475621,148.89883134061344,4.106729876447894
Farm_B,677.5643618422824,660.1973767177312,527.7011090862999,174.83862726041255,720.0365365460743,139.35607407282413,417.58077578492833,651.6668253758851,773.4731256866006,181.43834769562693,6.1970249484722615,1527.6126634551867,164.81629929330347,77.00643853267285,171.61146145885246,773.78071071358,9.257372588187913
Farm_B,16.58782892785615,279.9338969459428,992.9647961193003,502.5660764634424,641.1476328852973,834.9302367992991,879.1183075621647,368.52634372376116,130.87366071834984,525.1633836670602,7.064697912472628,1348.2147969075652,139.44956633136044,134.7151623346879,484.8878236398833,385.828115735005,3.6145405510427837
Farm_B,512.093058299281,954.8652806631941,73.79656473539886,398.6630277723131,693.9484444671,984.4021807035522,944.7320222914103,864.3582498396371,969.8210450785447,709.0462617224326,8.715379188723539,1917.5677800585702,173.55311181257497,250.64641989495323,300.9689718125197,100.1212237040368,5.229894413421429
Farm_B,226.49577519793795,737.8969166957685,553.8542844013208,146.37399216224912,542.7244433475962,525.6901823026858,467.4015112498697,473.20990669155714,453.78954138363923,106.87692309474383,5.203463559162525,231.02023107720024,257.06231310930457,193.01216084232522,206.2746675637284,560.0162253135068,9.011270236564132
Farm_A,645.1727904094498,554.3540525114007,969.302535619099,367.5344222915314,251.79905890695275,171.6792858483035,613.4113892107077,968.1934279147217,236.05046334646397,567.3122196289036,4.60750688150459,208.4039701873832,133.80201184271817,178.16693148910412,311.2104204471632,142.1667176748428,7.369492152407747
Farm_C,174.36642900499143,611.7207462343522,523.0978441701488,68.17230938549356,345.69599350391945,272.3073265193689,167.0339460920752,185.52551570312116,73.49674733001265,256.56278370136374,4.987352449299687,636.1554419170802,93.44039828393595,123.37220580203041,112.63851560556299,348.5526020388095,1.5598290354823248
Farm_B,690.9377381024659,419.6000624277899,629.3986381352626,25.811906949486985,181.59771680142566,18.390676547466732,991.1686261369765,868.6231679556108,169.75790508754073,962.9268752375798,8.434624501046347,597.2407990982213,228.0035050826952,282.93842985820413,249.8196871409913,736.2788387101446,2.325727398510733
Farm_B,386.7353463005374,247.73098950115747,695.7486889846172,135.16628915482275,908.4505613336283,914.298806560499,231.6717013834434,776.5968527917418,519.7739485560177,483.5456467199247,7.22905406327603,569.2597182367997,256.49455317702046,149.25376030929792,331.8054446394787,156.42065945967929,1.0705743169472512
Farm_B,936.7299887367345,355.97267865126156,454.5410647677732,963.1151115891738,583.3917947661205,117.75108289014113,942.7317741351256,770.921844644052,337.0031764312863,805.9925497751581,5.4295339461958,1821.8837029899696,75.15936963088333,71.77319169894287,270.0040243066031,855.404643120402,6.678296112062471
Farm_B,137.52094414599324,757.8461104643691,627.5580800840635,549.5295358950169,400.8514167636399,576.5164755142536,649.6466489923685,844.7832281168877,828.8833658826095,550.2265421562618,8.079734694843086,574.1377797140616,109.96852818898618,204.2666290294503,230.8004602944459,103.4379303927248,5.029060828693765
Farm_B,341.0663510502585,14.393488629755868,584.3143119231003,965.8221611532199,462.0058036441327,274.055220687206,607.7367948788591,761.0239909429989,430.8875236618059,43.41253285481916,8.30684998181718,616.7044796443989,85.49299744024847,78.45959836915036,497.2317750048642,322.141482281712,2.2084736581204796
Farm_B,113.47352124058906,116.07264050691623,901.158010490989,432.497878330132,947.2833396118153,554.1780025157934,512.6885110165086,626.2203216314153,248.7142725876299,633.1513755940224,8.23257169345139,1542.856698594131,136.98535289554167,136.30578570042303,446.14164296701716,766.8136505368643,9.621407089510933
Farm_C,924.6936182785628,46.00264202175275,45.44638034145787,311.8161330852596,153.3514031160802,651.4203883518642,230.66981171775868,131.24487768238757,617.14498660403,951.403342206657,8.594632668197772,954.505700656026,162.58774472635315,176.85298467945222,330.53268117174804,384.6431347563761,5.766937515510579
Farm_C,877.339353380981,40.72880231897014,280.9631895922303,506.1418628402441,586.2298320167972,829.7418037072016,176.52803200550827,32.526179491251916,706.7772168854458,601.6118201463312,5.261205100866808,1575.7500582148443,237.20658424082663,268.55563117129395,306.2198125320272,191.70314925941216,3.1770396470160027
Farm_B,257.9416277151556,855.4605840110072,950.4114840765587,439.51168863291014,505.888678884466,206.42127176060322,220.48620907017536,920.8478478156868,167.04190790094987,819.1888594267903,7.775209643731392,224.19569937233194,212.78689622041853,173.38664508502967,329.29721592106284,424.21052692038506,5.505432140392368
Farm_C,659.9840460341791,703.6578593800236,890.2637838909163,105.66468426174391,611.4542354346478,10.995828658480477,186.4382621442545,616.650314520738,167.61921628831766,884.2064633484079,6.3026974863707,1026.3852679794302,205.2321418696078,225.56469150791605,140.59044852009498,343.353957746073,7.11658299461597
Farm_A,817.2222002012159,474.1738290873252,455.6567527857129,640.8263146902062,18.110183820840508,136.88563006880727,779.5844735667533,796.5372909761763,36.671426933542975,228.0797719489325,8.209992764450307,163.865840348237,138.0937366524136,298.2042097497676,227.81198446894336,858.4407119444994,1.6861529617620803
Farm_B,555.2008115994623,97.83416065100148,620.1325978015367,216.0381825095996,872.1239089441515,900.0186418481051,350.1252591667301,481.5223515125501,736.4020150656405,212.04483990822663,7.642453385808066,219.0410865651736,260.36188827118997,82.8722799744954,67.7567898009047,382.0131258266288,3.472334335431028
Farm_A,529.6505783560065,491.61587511683234,277.38118298113267,619.5879548978296,932.1182824836123,873.8900775625152,57.84267656339637,117.30818896239448,663.804527621805,610.9809888509917,7.882237232498623,1822.231161354381,167.82179184954114,118.68288137987987,263.995716869072,810.0392245984065,8.262689417955944
Farm_A,241.8522909004517,473.4717707805657,188.1211597237613,650.2010923981534,565.1331835892089,597.4131021703083,969.1026301408114,125.18579220255045,474.63087574981387,411.0284698067047,7.280809188405358,364.5662051234308,294.7762345037886,148.6440188994116,294.36106278094843,902.6849303296613,5.136983833623951
Farm_B,93.1027678058992,173.20186991001518,463.69840493998214,152.02485312864812,696.6508238768922,600.5168604336534,883.7858849634257,685.5652872289713,844.1704489691971,839.8613028667204,4.8871438473485345,1111.5992963229126,208.5355345739342,155.45704463470784,152.48738124644433,490.4356776188766,5.919194278290654
Farm_C,897.2157579533267,433.85164923797305,353.35222802605284,61.34962711066816,922.4993811772957,665.0366745462554,927.752283195213,430.3058948994627,805.6701529500532,900.0231233980112,6.725134594484691,881.0816449413425,81.56618539112569,152.75526881638643,483.8129812244812,918.9488294689528,4.895344019885224
Farm_A,900.4180571633304,398.50473439737345,583.6561118508721,780.7615860684398,707.2386343133986,175.3712786234496,994.9078226464353,200.5247267003367,585.3543643967522,353.4213793027181,8.92334869762254,759.952319891801,219.0443905188585,276.90275063913873,459.2545749217589,439.58624856687356,1.395099483787046
Farm_B,633.1014572732679,615.8500980522165,77.73463696498484,459.80042376932016,152.53904291426136,914.4119459249598,173.89524921948728,491.5945467414369,868.2712805132586,236.87055897448207,8.686940332485594,1809.6833568058178,131.27600385792476,228.50816111671412,374.96445595515763,967.6705748410974,2.4917480183814034
Farm_A,339.0297910487007,635.0936508676438,974.3948076661665,58.16379550547579,576.2883601668132,418.7705248920731,396.24201890265874,64.20893707513409,205.84121003676825,780.5255152438618,4.215868678985059,141.46445387343005,221.58179917152435,201.97630352267595,290.02398294441315,180.36057207301565,5.009874748677018
Farm_A,349.2095746126609,45.304009772044516,986.2107444796029,994.8663171697672,606.7150463828559,383.1385282494975,758.2384757040913,581.9714019143988,111.91961939772787,274.8060355481361,4.824074078647186,1361.2004037336192,67.41028704060143,127.34317946569553,441.4861218414582,718.3173398529185,2.8826691886713505
Farm_A,725.9556788702394,374.6126146264712,698.1617140197451,57.78056099636664,424.130671302386,518.9177052828376,696.0206180537922,268.99340443509766,269.7496115169896,822.6143185136784,4.65864386727281,1930.4494250057458,93.72035929398984,255.9475960553237,108.79355472055832,544.4326364112358,1.4498112579371085
Farm_A,897.110259952577,625.8599157142364,536.0963663441204,695.0352288585532,736.4442356247229,46.965966775055044,153.89590633985506,797.5591006371882,57.08685608931485,423.73825364876285,7.629899549926478,1164.3195485774997,263.9343147264466,288.7651278712473,405.72940742369826,448.8839249100823,8.592846976466413
Farm_C,887.0864242651173,503.1362585800877,309.52761628632777,983.6789252634136,934.3670147690149,166.2833687560794,815.8331249906178,310.36195892357375,531.1695280010321,667.5498992914704,8.088926649284726,1879.9626778628744,106.79488925587873,255.29957063755663,106.16936628508174,669.4406908737408,9.830732762477043
Farm_A,779.8755458576238,856.4898411883223,813.7950197069487,239.1801042159256,925.5685129067763,738.0336164263705,224.44057183666067,455.2201490818012,936.6056922949615,95.53531383466817,5.067556831553359,199.28997064344514,259.260281310735,50.391276297868224,407.39479814723245,733.4713824708981,8.138285865970655
Farm_A,642.0316461542877,658.693631618945,684.7311725538792,142.24936868719618,450.8393714041321,82.79866792512647,223.81761482262309,11.620539908100636,39.34354066850965,623.859324676573,6.529263464759145,895.7073062409066,119.81902211360261,209.10034254585176,174.0954057131106,103.92694268527818,8.684064295342004
Farm_A,84.13996499504883,162.9344270814297,162.6169393448913,121.3849394224289,113.23804584075525,603.1521094663882,536.9744228934136,72.44688779455888,122.1099140100268,451.7676787372291,8.203515140056,594.2998028278972,210.7204775146769,62.78384536052518,444.690761458185,250.25777987247884,3.1777941728534085
Farm_C,161.62871409461377,70.56874740042984,910.9271844938424,303.2751475675955,984.8411989623346,245.34910968132095,592.9399348417031,392.49355640668483,452.19902828343527,586.6084631754741,7.6640077238312525,1488.5598334633867,223.53764337745775,114.40180508343046,474.81894222142904,741.7414455708869,9.645642779618798
Farm_A,898.5541885270792,642.4192782063157,822.537242923169,101.04581101064669,838.8980864459342,389.29561404197653,580.0862078378112,479.9388347171235,933.8750175279049,168.01420774486343,6.711186027459242,1964.4644719447688,178.16368828626324,64.88117508694292,116.95818623230204,699.7468722203859,2.7723313400808554
Farm_A,606.4290596595899,26.511310541621814,949.799913291924,692.1613416941319,124.66268120326684,288.69373677069984,91.48683739775487,600.0205481193037,316.1561049767505,736.8737449441821,6.951738452293864,587.4071186440708,126.32766917418282,200.94886323734693,258.2040222794271,969.4427546158095,9.562868293256491
Farm_C,9.197051616629647,585.7755812734633,725.7195083883599,62.291798130062695,920.8418826173723,355.67271646494913,877.4608626303803,291.66257870930326,507.23480868839243,862.7970775432285,6.5418027345814,1342.9317428007414,103.16109409277402,221.6474783731517,491.4443201732083,784.9340112257047,9.95337364569356
Farm_C,101.47154286603211,940.2302414249576,613.4151959357898,509.4221281497897,869.8963620621283,719.0459051842455,265.60004258870606,694.9818861265426,41.5728590503921,216.73980009077565,5.487742256594103,476.38550224350627,58.297338640606554,78.62190951647628,267.533346187916,955.6954369582043,7.405505251714438
Farm_C,663.5017691080558,575.4741778758789,418.2430362906189,996.6968538529768,518.8380571260722,297.121715623175,129.51492128280418,860.1223971892045,148.34320096208887,95.71455552016172,6.8251099642950805,1174.127483686059,125.98660031018095,145.95972076124485,438.59638513154533,732.2864513813263,9.830293586126396
Farm_A,5.061583846218687,388.1699262065219,932.7284833540133,813.9702695060188,591.2754357449293,566.4046402968972,888.7480798689772,779.8509888933498,986.6301229588469,23.638586046336396,7.444426510250453,981.4717247078388,213.29069763282075,164.0591272388855,314.92918495909396,368.24698777549884,6.125858016103933
Farm_C,160.80805141749866,643.2882184423531,866.0638895004083,615.2194382310109,399.00270387013023,476.05040219909966,955.6514982297533,39.61882534835715,965.1186964360455,641.971500443266,8.366614579304038,1946.8101262999205,284.5762046121207,142.26325544022916,218.89845856382084,194.82843002577084,3.335876048584813
Farm_C,548.7337893665862,458.2528904915166,45.21867010618941,306.2536207866117,54.76163882203133,663.6711653626481,862.1276172654506,480.5069472578289,4.939980934409616,607.0940360887807,7.18145676989624,1256.2018181232866,267.801120565763,80.25625012129827,178.6025999866416,803.641477010442,4.932962970990587
Farm_A,691.8951976926933,545.616789315935,26.366974497252006,623.8958362916385,335.19724164590093,936.829739324758,809.5160747248781,104.93017841817488,951.8117854232389,546.69741271407,7.80560768521579,764.0621069649557,241.51619413382565,154.73694754686886,141.4503909887393,679.7342993283244,6.342048418409074
Farm_C,651.9612595026006,941.4648087765252,376.4633668780496,527.0414639116516,802.8534485980115,732.5720972102503,655.2419806390217,242.04501586252746,639.1199378155004,231.94709611597543,4.800358174772865,316.7819912870734,247.11183581332466,237.79451195210453,392.8091861199637,143.3674111539666,1.6577340582431348
Farm_A,224.26930946055978,386.10263780077423,810.5533307818329,426.08338389037146,4.632023004602859,214.94037859075675,550.8573706091393,986.6625932671465,867.9182945200221,390.90599590551466,6.307787372098949,387.36897459637566,216.2462258689988,67.75191613331387,223.94322807036255,424.0454193108805,6.601089381555215
Farm_B,712.1792213475359,961.1905638239142,987.2761293149445,130.71037674019948,333.49917169114417,31.183135061284673,86.98675991141013,142.49554290151323,454.7398556338591,594.4763351861731,4.046658099135467,528.1021669073466,115.07171439150075,70.04500352047586,280.07395799033804,961.1198339358575,9.83060053086065
Farm_C,237.24908749680006,905.3506419560638,150.41689110352817,886.6042152404667,398.1686935909433,262.26404429982506,408.4532130706987,498.88815345135606,515.5960285792503,496.76685885916936,5.233394322608115,576.8366565465662,276.79875767645746,138.69282295899606,271.54646600053184,550.361031139181,2.7109688480535485
Farm_B,325.3996981592677,195.79113478929645,594.1307153521351,449.7846488213225,537.3956029379228,595.0779307002548,372.688517012314,618.1557343181191,488.84658025692016,987.7855202148874,7.632308575565024,1716.1705098981618,217.68307797645852,285.43142790473127,309.77556315490904,489.4562224177342,8.13335604659545
Farm_A,746.4914051180241,69.36130087516545,380.8908566310215,194.62251182076506,919.8556164127605,51.42581348425035,259.7537837603262,702.464970544104,666.8642575461043,136.43975255673314,8.959049756746818,1166.3232977367973,190.11015774510997,217.14316168072853,439.5097155310485,511.92964464336455,9.171089144016575
Farm_C,649.6328990472147,100.77800137742665,969.9143978146031,367.7593508772896,346.34599436596125,496.3662472012363,723.4201136885849,559.6486834869141,139.6512547563129,695.1445540475938,4.495890497936079,1094.4427316112963,77.74736730337027,219.6674891681412,491.33270461254324,287.99445160464734,9.493314335381987
Farm_A,849.223410494178,18.22182565154973,842.1189231357087,414.12975252892704,346.9532018962277,596.8428489168892,495.8757350787708,9.77084741918366,29.97358987267795,404.31876810429213,6.007471579306442,318.0608565515132,161.76388595160637,140.47999770946626,233.41289385821761,431.8364537783157,9.641220439649025
Farm_B,657.6128923003433,94.4429607559284,838.3287047111379,827.5378955668743,737.5012481097484,334.2438908169608,81.04621590764793,326.4613082439919,307.9299415911909,428.19961492561475,8.000354843495797,1734.2654173639264,165.08956780048157,198.4151978021346,422.3835149478364,432.83193038845894,5.693136748493248
Farm_A,568.3086033354716,683.0067734163569,468.69315979497026,733.6143805614021,452.21794088980715,770.9122037458219,220.18320194981135,517.7116433847115,704.6807627366467,717.5977656581763,5.020178173144494,1473.347176096119,266.1409023806675,52.53279600693585,394.0375075946229,147.11951816872516,9.795771171923533
Farm_C,93.67476782809247,71.18864846022899,414.8195023376652,769.3048936413398,224.60482293998197,106.5982531337718,683.258763659596,87.86649914483336,201.85345212294837,692.4361513243697,6.7754247465114315,228.569887610003,186.66205504694713,209.02401160238554,308.088028155008,790.8108656661265,7.81579186420995
Farm_C,367.71580305943354,318.9756302937613,273.40707193070625,11.031264428647214,452.43951613269337,75.13778173580876,76.13085949030018,350.6269312091808,673.4324333249173,991.2559937021883,7.665356480148374,1444.8866847365605,145.10013724260241,278.3217368940592,480.2212146253699,474.8539887134911,2.455042926132657
Farm_B,265.20236768172543,844.8753109694545,56.37549665092712,416.1539981797615,140.85702037979985,728.1887562036034,851.2069140487687,33.20310879136657,969.9120461072705,128.39428945412524,7.079927251300895,1132.7226129510275,294.2000821276648,203.1433670862048,140.21353198778127,839.961898134781,5.29210095821173
Farm_A,243.9896433790836,23.271935735825867,864.7223762550532,481.3441516353236,176.3869865062233,495.49131620619846,495.1465270139743,78.57849715502074,93.90071578941838,104.10964938416633,4.940123673077081,255.2781569188787,77.68014833157892,268.42464836658627,99.16889463932964,865.3132010079058,7.464980578348036
Farm_C,973.0105547524456,814.4684825889358,812.9010091300776,19.192276823056687,498.36777273947973,688.402396427736,480.586577326648,396.9232762015961,672.6021182251263,724.3388171287412,5.7769228434286966,970.7712189044473,155.63710707798617,230.99326386652345,434.28288512994,290.79464922879225,3.22606284237175
Farm_B,393.0977246667604,281.8547747733999,999.7176732861305,259.8132087450342,418.9254495045479,434.8273386037462,592.4077846595176,132.71575404306034,443.75021930457115,578.3869170064091,7.918958922426986,1020.9229455470893,60.50616879285133,80.13960410092255,247.61741748518673,691.6181339531157,6.765536651939986
Farm_C,892.0465551771133,118.16482762165626,996.6368370739053,760.289823122135,914.8459010681,246.4020332391068,824.6809659251492,567.5408482615582,868.1422543775053,274.16066655980586,6.771132570660083,414.97162631022394,234.97603019173258,275.6133268214604,431.13598439317724,525.0536237466836,6.999404311419573
Farm_C,631.1386259972629,696.7371653641507,555.4317056026274,137.10970572899905,362.3938991166331,819.1023176741998,347.80920790219307,689.4649691372657,177.1497894473859,79.4193689889866,4.026148067714564,1896.8264793005364,279.51913804978767,66.61096108894372,451.8905923379367,892.1410641293365,2.464297694277093
Farm_A,794.8113035416484,628.942846779884,768.9874151805105,535.3101314525917,580.5883502780434,799.4158789689792,678.0161525590636,800.5866991090828,692.6259522261645,85.65824959643054,7.804953800140469,1714.9532058132577,120.00933238762236,183.49186813694095,78.10591712858215,294.1666112588087,6.085767812074806
Farm_C,502.6370931051921,877.4720135270529,944.765729882428,215.20187201723752,632.2642879195304,694.6964708544267,565.731963995791,200.1502442448101,838.1152896481102,894.1908746641183,4.176556774701195,1371.142440925306,264.58541919978023,85.53428094836443,447.5591433437273,710.0318802790398,7.944642198807469
Farm_A,576.9038846263591,735.0710438038858,849.6473906774114,12.120774643893274,13.094456588333635,272.1451372299627,267.0282701694213,167.48258225906974,944.6142194740232,191.8673247187429,7.728668913656161,978.3615659011537,123.05455761547444,52.926652682726015,251.74357491624,646.9769100274503,5.490060980823477
Farm_C,492.5176938188639,803.4809303848485,247.34810174319765,241.20145759954147,663.5373720167106,590.2306668690871,878.6299863551579,104.56784033440026,683.2480282896458,323.37156211552076,5.012402800826187,882.3545290105661,277.69254041097884,155.50856503190977,279.6946200519045,365.7713298146495,1.1089280509849668
Farm_B,195.2429877980445,282.0345725713065,450.5441353100935,975.8737549100538,178.03596686975143,360.9738969400268,797.4260216069281,636.4302495436367,497.1747640084273,226.656402226988,8.790367400596901,1336.849587586813,238.49047589919599,123.76017691353906,331.9666299919446,222.94081328605535,1.0813462217136296
Farm_C,722.4521152615054,177.4395437797228,129.15941515149498,801.5371118829896,961.0703174694552,91.58207332663414,658.4518346584255,706.4757264869012,617.8472402012138,354.9963058319373,5.839703756510422,1136.3205518731204,251.22669421035965,171.50012344940075,466.87217302853907,686.4757844295489,4.21326409573011
Farm_A,280.7723624408558,750.6147516408583,954.0510272587223,959.5766443210334,148.66272775311296,917.3135754622427,850.581729094242,31.586144825642037,868.9049844787182,69.42384274609337,5.634658081690396,218.31890117558265,54.501638900113626,194.2999716836377,58.60224249339382,764.7377123190976,9.335746615886038
Farm_A,24.315966431453838,806.834739267264,606.17463445088,487.85404392636246,414.62412372702374,136.8186309189614,867.2942009598023,936.2122462436898,570.6097466388297,519.0597909082703,4.7444402516622235,1073.7550326636301,290.7025892685065,60.93476807723684,264.5795607430177,384.064609387015,3.058091016432479
Farm_B,645.4722959071678,990.5051420006733,228.6428055034627,109.73619867750351,85.34966807864386,950.2373538208025,708.3629767150347,51.97128365147241,30.38705969683686,67.6125635922149,5.528021077451074,1632.166872742395,231.6677480175808,80.7508237809364,359.4749190937523,680.3493436200824,6.709273199845184
Farm_C,177.11067940704893,412.6176769114265,671.7006844058567,547.9594889736929,996.8742518459474,446.00577295795574,837.013328363672,541.2963353010705,930.9486955069777,800.3565078223616,8.383253809141003,972.5557674342203,126.18777384653333,189.66059911260635,375.2181309642028,455.61781685035294,2.998682836239885
Farm_C,940.4585843529143,372.01808579278315,618.1282404578958,454.3773345599609,502.1950103312426,185.13292883861965,697.4714616692836,709.0605194509164,689.5267510315612,233.71208191043303,8.981671688136236,198.71749735311,257.3486662147117,135.79183829316457,361.63959419169856,741.8861949543559,3.8950299069359375
Farm_B,953.9285770025874,776.4129607419968,358.1627180328405,844.357082739616,595.3850173200437,541.9009473783582,680.1407717603004,870.9691237460856,676.5133857772465,540.0119146045106,5.841547652534242,1593.928578829663,120.38029960373248,232.29337188736199,110.49580823365483,279.2937474046478,8.632378806413357
Farm_C,914.8643902204485,340.80354025301784,113.55759219962903,98.08258078424458,67.07647738842748,872.9458358764083,618.6113782151843,714.0869321324278,215.67515239771717,880.0790875614582,6.243053154772713,482.59118605835135,268.188459891532,213.0729121479849,184.72801476725655,901.193502372557,7.559752980429522
Farm_C,370.1587002554444,930.7573256035647,671.5731955927996,488.2411370217782,749.9604703991778,732.2248864095612,752.7166395576412,801.7280830697919,658.8854702326572,650.8773690471942,7.6103546910136854,591.3795862872737,78.14509760298425,261.4010907474767,211.42198643765605,358.66863681902174,1.8585934958188957
Farm_A,15.456616528867428,858.4127518430118,520.3077009037933,150.04866469398425,209.90559309558577,806.5611478614497,158.6051052930737,339.45019254280606,393.8644056541585,532.9577865513353,8.430978902325371,412.9420715213622,225.92149436519892,223.12320666730633,411.9967434557772,431.0073889805376,4.858318188877902
Farm_C,928.3185625877254,428.99402737501833,772.3183917356394,324.67592689006,898.0542894407138,658.7833667107174,880.8707591989285,814.8251137465122,651.2329770414921,324.3337531153756,6.9652216709339205,727.4086232558453,185.17461916122758,157.48276934753704,175.44194258654886,152.2827568723148,1.26252787280738
Farm_C,428.18414831731434,750.8710677914974,520.1635011119934,737.3570773877997,205.13964048200717,692.2765645178524,871.843527745232,80.11484638467515,106.59303030799072,333.00191305819794,5.957628490889147,1537.8278608084065,74.1336175488602,218.2416555986081,144.81723374024142,200.36099108914874,5.328011319427081
Farm_B,966.6548190436696,754.5428740846824,852.1815003185401,476.01812936876655,190.68772066366657,849.1956515653193,29.247283034559146,894.8166560605276,657.8453046030361,669.4869551981901,6.063109204243119,1086.833133057481,110.47345706470975,118.84529356385463,480.8516085671433,564.2757124410953,6.9619061053096125
Farm_B,963.6199770892529,103.12386883593261,551.9068387744855,375.8882851457693,36.54966784809488,249.66800885918593,825.8167505647626,547.5923761537363,999.4137257706666,994.1393612211675,7.478090732484034,489.2744208863539,53.1010090693287,126.57837469455318,53.98847830106101,340.83340905517434,2.066523612383364
Farm_A,853.0094554673601,902.5529066795667,560.9379715353863,394.47627857003533,472.06694510999927,489.4249636431405,128.8698674734452,817.2977699624937,48.21203886055603,661.8391898493786,4.0160913180213935,1767.8771484888775,167.19199136612644,247.24628998019833,499.0193850568902,851.932203167975,3.5999644501824912
Farm_C,294.44889206958567,505.25237244785717,876.653602658345,459.44676840598663,564.8411332626164,221.20944181960223,335.11885425914187,452.3182845183001,977.1741842213173,557.783417370025,7.097946687299204,1771.2055244079054,125.3163151900001,161.60487910039555,354.56958448582805,113.22404978945846,4.580529629519413
Farm_C,385.09772860192527,826.4574661077417,403.482866212397,785.0165438370569,65.70863942835237,987.668007996647,743.5082562916077,643.5776951965249,406.9079607228706,730.650510239246,5.777465052206787,1754.099007587413,199.5893710744397,249.5950851295881,422.8111847521027,441.18464380474256,9.275779221904447
Farm_C,851.136671516857,320.04960103061177,134.01522845064073,892.0846889402344,775.5276166950106,944.0593396866133,160.7598960483082,526.4026609361132,870.7534503372591,465.20561228371815,7.9709866563854215,553.7128016249246,124.3094519271543,255.6055934170696,182.57872835578692,403.6109920921834,9.939295138806676
Farm_A,316.9220051562777,895.5232284962004,28.782676313338975,955.3346865039283,453.2888347480276,39.426811368505895,817.9670241190622,731.5895217553318,782.3854840582735,60.14234260078521,4.46495319911566,957.3547539438774,124.97977787674617,264.390584415321,56.44187495017699,117.39486782584093,1.4042016909605426
Farm_A,169.4927466860925,389.2016787341631,755.137255673619,786.9033862552951,524.3902693275801,705.5751725156885,832.1341779577419,81.62998203058957,567.0162609866678,562.2968158779098,6.941011334741953,1971.4803466676626,235.79829968290085,279.1588089603018,382.04128335268854,211.9315591004592,7.849071311458529
Farm_B,556.8012624583502,10.83765148029836,620.3095513534647,315.40689574801274,440.76274693822813,925.2483174156658,507.4677337608362,60.3520839905638,738.4492092513265,957.6252845053803,6.404864449430619,1566.8237049889817,62.03570899458836,157.74630512832405,425.3650686503041,472.27840742677176,4.3455165976210886
Farm_A,936.154774160781,905.3819764192637,704.0797680992235,688.1347060865421,400.763060875326,180.57534512733352,6.38587171683358,247.10323401014645,878.5155613013479,175.30294235765965,7.211627629526137,151.61810032856366,275.7237487979968,129.71670458028473,383.2142593790836,543.578126002702,4.5321236760653205
